Algorithm, Precision, Recall, F-Measure
SuperFlux,0.836529525883,0.865737242221,0.849690068416
essentia_global,0.354512612823,0.495345061052,0.409307974426
essentia_example,0.805193615895,0.74208232988,0.763188900797
modal_batch,0.780697840138,0.446010549635,0.554901219093
